review,label
"This product is amazing and works perfectly",genuine
"Worst product I have ever bought",genuine
"Best product ever!!! Buy now!!! Highly recommended!!!",fake
"I bought this yesterday and it stopped working",genuine
"Excellent quality excellent service excellent product",fake
"Totally worth the money",genuine
"Do not buy this product",genuine
"Five stars five stars five stars amazing amazing",fake
"Product delivered on time and works as expected",genuine
"Buy this now best deal offer limited time",fake
"The product quality is decent for the price I paid",genuine
"I have been using this for 3 months and no issues so far",genuine
"Perfect perfect perfect amazing deal best buy now",fake
"The item arrived damaged and customer service was not helpful",genuine
"Awesome awesome awesome product must buy everyone",fake
"Good build quality but delivery was slightly delayed",genuine
"I received the product but it doesnt match the description",genuine
"Super super super amazing wonderful fantastic best",fake
"The product works fine but the packaging could be better",genuine
"Best deal ever everyone should buy this right now",fake
"After using for 2 weeks the product stopped functioning",genuine
"I am satisfied with my purchase would recommend",genuine
"Incredible amazing wonderful best product ever seen",fake
"The battery life is good and the design is sleek",genuine
"Buy buy buy now limited offer hurry up amazing",fake
"Product is okay but not worth the high price",genuine
"I compared this with other brands and this is better",genuine
"Outstanding outstanding outstanding five stars highly recommended",fake
"Received the product on time and it works as described",genuine
"Must buy everyone buy this amazing deal offer",fake
"The color was different from what was shown online",genuine
"Good quality material and fast shipping service",genuine
"Best best best product excellent excellent service amazing",fake
"I returned the product because it was not suitable",genuine
"Fantastic fantastic fantastic everyone must purchase this",fake
"The features are good but the interface is confusing",genuine
"Works well for my needs no complaints so far",genuine
"Amazing deal best price buy now dont miss",fake
"The product broke after just one week of use",genuine
"Perfect purchase highly satisfied thank you seller",genuine
"Excellent excellent excellent product amazing amazing quality",fake
"Decent product but customer service needs improvement",genuine
"Super deal everyone buy buy this is awesome",fake
"I have used similar products and this one is average",genuine
"Good value for money and meets my expectations",genuine
"Best product ever seen in my life must buy",fake
"The instructions were unclear but figured it out",genuine
"Amazing amazing five stars perfect perfect quality",fake
"Product is good but the delivery took longer than expected",genuine
"I would not recommend this to anyone very disappointed",genuine
"Outstanding quality buy now limited time offer hurry",fake
